{"last_tab":"","use_minified":"","preloader":"","preloader_background":"#ffffff","preloader_color":"#ff7029","search_style":"standard","scroll_up":"1","scroll_up_appearance":"","scroll_up_text":"Top","scroll_up_arrow_color":"#ffffff","scroll_up_bg_color":"#3bbca7","tpc_container_width_type":"elementor_width","tpc_container_custom_width":"1290","custom_js":"","header_custom_js":"","header_switch":"1","header_type":"custom","header_page_select":"13603","bottom_header_layout":{"items":{"placebo":"placebo","html1":"{\"title\":\"HTML 1\",\"settings\":true}","html2":"{\"title\":\"HTML 2\",\"settings\":true}","html3":"{\"title\":\"HTML 3\",\"settings\":true}","html4":"{\"title\":\"HTML 4\",\"settings\":true}","html5":"{\"title\":\"HTML 5\",\"settings\":true}","html6":"{\"title\":\"HTML 6\",\"settings\":true}","html7":"{\"title\":\"HTML 7\",\"settings\":true}","html8":"{\"title\":\"HTML 8\",\"settings\":true}","delimiter1":"{\"title\":\"|\",\"settings\":true}","delimiter2":"{\"title\":\"|\",\"settings\":true}","delimiter3":"{\"title\":\"|\",\"settings\":true}","delimiter4":"{\"title\":\"|\",\"settings\":true}","delimiter5":"{\"title\":\"|\",\"settings\":true}","delimiter6":"{\"title\":\"|\",\"settings\":true}","spacer1":"{\"title\":\"Spacer 1\",\"settings\":true}","spacer2":"{\"title\":\"Spacer 2\",\"settings\":true}","spacer3":"{\"title\":\"Spacer 3\",\"settings\":true}","spacer4":"{\"title\":\"Spacer 4\",\"settings\":true}","spacer5":"{\"title\":\"Spacer 5\",\"settings\":true}","spacer6":"{\"title\":\"Spacer 6\",\"settings\":true}","spacer7":"{\"title\":\"Spacer 7\",\"settings\":true}","spacer8":"{\"title\":\"Spacer 8\",\"settings\":true}","button1":"{\"title\":\"Button\",\"settings\":true}","button2":"{\"title\":\"Button\",\"settings\":true}","wpml":"{\"title\":\"WPML\",\"settings\":false}","cart":"{\"title\":\"Cart\",\"settings\":true}","login":"{\"title\":\"WC Login\",\"settings\":false}","sign_in":"{\"title\":\"LP Login\",\"settings\":false}","side_panel":"{\"title\":\"Side Panel\",\"settings\":true}","login_join":"{\"title\":\"Login\\\/Join Button\",\"settings\":false}"},"Top Left area":{"disable_row":"false","placebo":"placebo"},"Top Center area":{"placebo":"placebo"},"Top Right area":{"placebo":"placebo"},"Middle Left area":{"disable_row":"false","placebo":"placebo","logo":"{\"title\":\"Logo\",\"settings\":false}"},"Middle Center area":{"placebo":"placebo","menu":"{\"title\":\"Menu\",\"settings\":false}"},"Middle Right area":{"placebo":"placebo","item_search":"{\"title\":\"Search\",\"settings\":true}"},"Bottom Left area":{"disable_row":"false","placebo":"placebo"},"Bottom Center area":{"placebo":"placebo"},"Bottom Right area":{"placebo":"placebo"}},"bottom_header_spacer1":{"width":"43px","units":"px"},"bottom_header_spacer2":{"width":"40px","units":"px"},"bottom_header_spacer3":{"width":"25px","units":"px"},"bottom_header_spacer4":{"width":"25px","units":"px"},"bottom_header_spacer5":{"width":"25px","units":"px"},"bottom_header_spacer6":{"width":"25px","units":"px"},"bottom_header_spacer7":{"width":"25px","units":"px"},"bottom_header_spacer8":{"width":"25px","units":"px"},"bottom_header_item_search_custom":"","bottom_header_item_search_color_txt":{"color":"#072f60","alpha":"1","rgba":"rgba(30,40,69,1)"},"bottom_header_item_search_hover_color_txt":{"color":"#072f60","alpha":"1","rgba":"rgba(30,40,69,1)"},"bottom_header_cart_custom":"","bottom_header_catpc_color_txt":{"color":"#072f60","alpha":"1","rgba":"rgba(30,40,69,1)"},"bottom_header_cart_hover_color_txt":{"color":"#072f60","alpha":"1","rgba":"rgba(30,40,69,1)"},"bottom_header_delimiter1_height":{"height":"50px","units":"px"},"bottom_header_delimiter1_width":{"width":"1px","units":"px"},"bottom_header_delimiter1_bg":{"color":"#000000","alpha":"0.1","rgba":"rgba(0, 0, 0, 0.1)"},"bottom_header_delimiter1_margin":{"margin-right":"30","margin-left":"20"},"bottom_header_delimiter2_height":{"height":"100px","units":"px"},"bottom_header_delimiter2_width":{"width":"1px","units":"px"},"bottom_header_delimiter2_bg":{"color":"#ffffff","alpha":".9","rgba":"rgba(255,255,255,0.9)"},"bottom_header_delimiter2_margin":{"margin-right":"30","margin-left":"30"},"bottom_header_delimiter3_height":{"height":"100px","units":"px"},"bottom_header_delimiter3_width":{"width":"1px","units":"px"},"bottom_header_delimiter3_bg":{"color":"#ffffff","alpha":".9","rgba":"rgba(255,255,255,0.9)"},"bottom_header_delimiter3_margin":{"margin-right":"30","margin-left":"30"},"bottom_header_delimiter4_height":{"height":"100px","units":"px"},"bottom_header_delimiter4_width":{"width":"1px","units":"px"},"bottom_header_delimiter4_bg":{"color":"#ffffff","alpha":".9","rgba":"rgba(255,255,255,0.9)"},"bottom_header_delimiter4_margin":{"margin-right":"30","margin-left":"30"},"bottom_header_delimiter5_height":{"height":"100px","units":"px"},"bottom_header_delimiter5_width":{"width":"1px","units":"px"},"bottom_header_delimiter5_bg":{"color":"#ffffff","alpha":".9","rgba":"rgba(255,255,255,0.9)"},"bottom_header_delimiter5_margin":{"margin-right":"30","margin-left":"30"},"bottom_header_delimiter6_height":{"height":"100px","units":"px"},"bottom_header_delimiter6_width":{"width":"1px","units":"px"},"bottom_header_delimiter6_bg":{"color":"#ffffff","alpha":".9","rgba":"rgba(255,255,255,0.9)"},"bottom_header_delimiter6_margin":{"margin-right":"30","margin-left":"30"},"bottom_header_button1_title":"Contact Us","bottom_header_button1_link":"#","bottom_header_button1_target":"1","bottom_header_button1_size":"md","bottom_header_button1_radius":"","bottom_header_button1_custom":"","bottom_header_button1_color_txt":{"color":"#ffffff","alpha":"1","rgba":"rgba(255,255,255,1)"},"bottom_header_button1_hover_color_txt":{"color":"#072f60","alpha":"1","rgba":"rgba(30,40,69,1)"},"bottom_header_button1_bg":{"color":"#072f60","alpha":"1","rgba":"rgba(30,40,69,1)"},"bottom_header_button1_hover_bg":{"color":"#ffffff","alpha":"1","rgba":"rgba(255,255,255,1)"},"bottom_header_button1_border":{"color":"#072f60","alpha":"1","rgba":"rgba(30,40,69,1)"},"bottom_header_button1_hover_border":{"color":"#072f60","alpha":"1","rgba":"rgba(30,40,69,1)"},"bottom_header_button2_title":"Contact Us","bottom_header_button2_link":"","bottom_header_button2_target":"1","bottom_header_button2_size":"md","bottom_header_button2_radius":"","bottom_header_button2_custom":"","bottom_header_button2_color_txt":{"color":"#ffffff","alpha":"1","rgba":"rgba(255,255,255,1)"},"bottom_header_button2_hover_color_txt":{"color":"#072f60","alpha":"1","rgba":"rgba(30,40,69,1)"},"bottom_header_button2_bg":{"color":"#072f60","alpha":"1","rgba":"rgba(30,40,69,1)"},"bottom_header_button2_hover_bg":{"color":"#ffffff","alpha":"1","rgba":"rgba(255,255,255,1)"},"bottom_header_button2_border":{"color":"#072f60","alpha":"1","rgba":"rgba(30,40,69,1)"},"bottom_header_button2_hover_border":{"color":"#072f60","alpha":"1","rgba":"rgba(30,40,69,1)"},"bottom_header_bar_html1_editor":"<span style=\"font-size: 14px;\"><a href=\"tel:+5074521254\"><i class=\"rt-icon fa fa-phone\" style=\"margin-right: 5px;\"><\/i>+8 (123) 985 789<\/a><\/span>","bottom_header_bar_html2_editor":"<span style=\"font-size: 14px;\"><a href=\"https:\/\/google.com.ua\/maps\/@40.7798704,-73.975151,15z\" target=\"_blank\"><i class=\"rt-icon fa fa-map-marker-alt\" style=\"margin-right: 5px;\"><\/i>27 Division St, New York, NY 10002<\/a><\/span>","bottom_header_bar_html3_editor":"<span style=\"font-size: 12px;\"><a href=\"https:\/\/twitter.com\/\"><i class=\"rt-icon fab fa-twitter\" style=\"padding: 12.5px\"><\/i><\/a><a href=\"https:\/\/facebook.com\/\"><i class=\"rt-icon fab fa-facebook-f\" style=\"padding: 12.5px\"><\/i><\/a><a href=\"https:\/\/linkedin.com\/\"><i class=\"rt-icon fab fa-linkedin-in\" style=\"padding: 12.5px\"><\/i><\/a><a href=\"https:\/\/instagram.com\/\"><i class=\"rt-icon fab fa-instagram\" style=\"padding: 12.5px; margin-right: -10px;\"><\/i><\/a><\/span>","bottom_header_bar_html4_editor":"","bottom_header_bar_html5_editor":"","bottom_header_bar_html6_editor":"","bottom_header_bar_html7_editor":"","bottom_header_bar_html8_editor":"","bottom_header_side_panel_color":{"color":"#ffffff","alpha":"1","rgba":"rgba(255,255,255,1)"},"bottom_header_side_panel_background":{"color":"#072f60","alpha":"1","rgba":"rgba(30,40,69, 1)"},"header_top_full_width":"","header_top_max_width_custom":"","header_top_max_width":{"width":"1290px","units":"px"},"header_top_height":{"height":"49px","units":"px"},"header_top_background_image":{"url":"","id":"","height":"","width":"","thumbnail":"","title":"","caption":"","alt":"","description":""},"header_top_background":{"color":"#ffffff","alpha":"1","rgba":"rgba(255,255,255,1)"},"header_top_color":{"color":"#a2a2a2","alpha":"1","rgba":"rgba(162,162,162,1)"},"header_top_bottom_border":"1","header_top_border_height":{"height":"1px","units":"px"},"header_top_bottom_border_color":{"color":"#a2a2a2","alpha":".2","rgba":"rgba(162,162,162,0.2)"},"header_middle_full_width":"","header_middle_max_width_custom":"","header_middle_max_width":{"width":"1290px","units":"px"},"header_middle_height":{"height":"98px","units":"px"},"header_middle_background_image":{"url":"","id":"","height":"","width":"","thumbnail":"","title":"","caption":"","alt":"","description":""},"header_middle_background":{"color":"#ffffff","alpha":"1","rgba":"rgba(255,255,255,1)"},"header_middle_color":{"color":"#072f60","alpha":"1","rgba":"rgba(51,51,50,1)"},"header_middle_bottom_border":"","header_middle_border_height":{"height":"1px","units":"px"},"header_middle_bottom_border_color":{"color":"#f5f5f5","alpha":"1","rgba":"rgba(245,245,245,1)"},"header_bottom_full_width":"","header_bottom_max_width_custom":"","header_bottom_max_width":{"width":"1290px","units":"px"},"header_bottom_height":{"height":"100px","units":"px"},"header_bottom_background_image":{"url":"","id":"","height":"","width":"","thumbnail":"","title":"","caption":"","alt":"","description":""},"header_bottom_background":{"color":"#ffffff","alpha":".9","rgba":"rgba(255,255,255,0.9)"},"header_bottom_color":{"color":"#fefefe","alpha":".5","rgba":"rgba(254,254,254,0.5)"},"header_bottom_bottom_border":"1","header_bottom_border_height":{"height":"1px","units":"px"},"header_bottom_bottom_border_color":{"color":"#ffffff","alpha":"1","rgba":"rgba(255,255,255,0.2)"},"header_column_top_left_horz":"left","header_column_top_left_vert":"middle","header_column_top_left_display":"normal","header_column_top_center_horz":"left","header_column_top_center_vert":"middle","header_column_top_center_display":"normal","header_column_top_right_horz":"right","header_column_top_right_vert":"middle","header_column_top_right_display":"normal","header_column_middle_left_horz":"left","header_column_middle_left_vert":"middle","header_column_middle_left_display":"normal","header_column_middle_center_horz":"center","header_column_middle_center_vert":"middle","header_column_middle_center_display":"normal","header_column_middle_right_horz":"right","header_column_middle_right_vert":"middle","header_column_middle_right_display":"normal","header_column_bottom_left_horz":"left","header_column_bottom_left_vert":"middle","header_column_bottom_left_display":"normal","header_column_bottom_center_horz":"left","header_column_bottom_center_vert":"middle","header_column_bottom_center_display":"normal","header_column_bottom_right_horz":"right","header_column_bottom_right_vert":"middle","header_column_bottom_right_display":"normal","header_shadow":"","header_on_bg":"","lavalamp_active":"","sub_menu_background":{"color":"#ffffff","alpha":"1","rgba":"rgba(255,255,255,1)"},"sub_menu_color":"#072f60","header_sub_menu_bottom_border":"","header_sub_menu_border_height":{"height":"1px","units":"px"},"header_sub_menu_bottom_border_color":{"color":"#ffffff","alpha":"1","rgba":"rgba(0, 0, 0, 0.08)"},"header_mobile_queris":"1200","header_sticky":"1","header_sticky_page_select":"13603","header_sticky_style":"scroll_up","mobile_header":"0","header_mobile_height":{"height":"50px","units":"px"},"header_mobile_full_width":"","mobile_sticky":"","mobile_over_content":"","mobile_background":{"color":"#072f60","alpha":"1","rgba":"rgba(30,40,69, 1)"},"mobile_color":"#ffffff","mobile_position":"left","custom_mobile_menu":"","mobile_menu":"","mobile_sub_menu_color":"#ffffff","mobile_sub_menu_background":{"color":"#072f60","alpha":"1","rgba":"rgba(30,40,69,1)"},"mobile_sub_menu_overlay":{"color":"#072f60","alpha":"1","rgba":"rgba(30,40,69,0.8)"},"login_page_url_mobile":"","join_page_url_mobile":"","login_text_mobile":"Login","join_text_mobile":"Join","logout_text_mobile":"Logout","mobile_header_layout":{"items":{"placebo":"placebo","html1":"HTML 1","html2":"HTML 2","html3":"HTML 3","html4":"HTML 4","html5":"HTML 5","html6":"HTML 6","spacer1":"Spacer 1","spacer2":"Spacer 2","spacer3":"Spacer 3","spacer4":"Spacer 4","spacer5":"Spacer 5","spacer6":"Spacer 6","side_panel":"Side Panel","wpml":"WPML","cart":"Cart","login":"WC Login","sign_in":"LP Login","login_join":"Login\/Join Button"},"Left align side":{"placebo":"placebo","menu":"Hamburger Menu"},"Center align side":{"placebo":"placebo","logo":"Logo"},"Right align side":{"placebo":"placebo","item_search":"Search"}},"mobile_content_header_layout":{"items":{"placebo":"placebo","html1":"HTML 1","html2":"HTML 2","html3":"HTML 3","html4":"HTML 4","html5":"HTML 5","html6":"HTML 6","wpml":"WPML","spacer1":"Spacer 1","spacer2":"Spacer 2","spacer3":"Spacer 3","spacer4":"Spacer 4","spacer5":"Spacer 5","spacer6":"Spacer 6"},"Left align side":{"placebo":"placebo","logo":"Logo","menu":"Menu","item_search":"Search"}},"mobile_header_bar_html1_editor":"","mobile_header_bar_html2_editor":"","mobile_header_bar_html3_editor":"","mobile_header_bar_html4_editor":"","mobile_header_bar_html5_editor":"","mobile_header_bar_html6_editor":"","mobile_header_spacer1":{"width":"25px","units":"px"},"mobile_header_spacer2":{"width":"25px","units":"px"},"mobile_header_spacer3":{"width":"25px","units":"px"},"mobile_header_spacer4":{"width":"25px","units":"px"},"mobile_header_spacer5":{"width":"25px","units":"px"},"mobile_header_spacer6":{"width":"25px","units":"px"},"header_logo":{"url":"","id":"","height":"","width":"","thumbnail":"","title":"","caption":"","alt":"","description":""},"logo_height_custom":"","logo_height":{"height":"90px","units":"px"},"sticky_header_logo":{"url":"","id":"","height":"","width":"","thumbnail":"","title":"","caption":"","alt":"","description":""},"sticky_logo_height_custom":"1","sticky_logo_height":{"height":"50px","units":"px"},"logo_mobile":{"url":"https:\/\/thepixelcurve.com\/wp\/lmsmart\/tutor\/wp-content\/uploads\/sites\/5\/2021\/12\/2x_logo-white-7-1.png","id":"16953","height":"98","width":"310","thumbnail":"https:\/\/thepixelcurve.com\/wp\/lmsmart\/tutor\/wp-content\/uploads\/sites\/5\/2021\/12\/2x_logo-white-7-1-150x98.png","title":"2x_logo-white","caption":"","alt":"","description":""},"mobile_logo_height_custom":"1","mobile_logo_height":{"height":"50px","units":"px"},"logo_mobile_menu":{"url":"https:\/\/thepixelcurve.com\/wp\/lmsmart\/tutor\/wp-content\/uploads\/sites\/5\/2021\/12\/2x_logo-white-7-1.png","id":"16953","height":"98","width":"310","thumbnail":"https:\/\/thepixelcurve.com\/wp\/lmsmart\/tutor\/wp-content\/uploads\/sites\/5\/2021\/12\/2x_logo-white-7-1-150x98.png","title":"2x_logo-white","caption":"","alt":"","description":""},"mobile_logo_menu_height_custom":"1","mobile_logo_menu_height":{"height":"50px","units":"px"},"page_title_switch":"1","page_title_bg_switch":"1","page_title_bg_image":{"background-color":"#FCFCF2","background-repeat":"no-repeat","background-size":"cover","background-attachment":"scroll","background-position":"center bottom","background-image":"https:\/\/thepixelcurve.com\/wp\/lmsmart\/tutor\/wp-content\/uploads\/sites\/5\/2021\/12\/REJ93-9-1.jpeg","media":{"id":"13971","height":"400","width":"1920","thumbnail":"https:\/\/thepixelcurve.com\/wp\/lmsmart\/tutor\/wp-content\/uploads\/sites\/5\/2021\/12\/REJ93-9-1-150x150.jpeg"}},"page_title_overlay_color":{"color":"#fdfdffbf","alpha":"1","rgba":"rgba(253, 253, 255, 0.0)"},"page_title_height":{"height":"325px","units":"px"},"page_title_padding":{"padding-top":"40","padding-bottom":"50"},"page_title_margin":{"margin-bottom":"50"},"page_title_align":"center","page_title_breadcrumbs_switch":"1","page_title_breadcrumbs_block_switch":"1","page_title_breadcrumbs_align":"center","page_title_parallax":"","page_title_parallax_speed":"0.3","page_title_font":{"font-size":"46px","line-height":"56px","color":"#072f60"},"page_title_breadcrumbs_font":{"font-size":"14px","line-height":"24px","color":"#666666"},"page_title_resp_switch":"1","page_title_resp_resolution":"1200","page_title_resp_padding":{"padding-top":"70","padding-bottom":"70"},"page_title_resp_font":{"font-size":"32px","line-height":"40px","color":"#072f60"},"page_title_resp_breadcrumbs_switch":"1","page_title_resp_breadcrumbs_font":{"font-size":"14","line-height":"24px","color":"#666666"},"footer_switch":"1","footer_content_type":"pages","footer_page_select":"16902","widget_columns":"4","widget_columns_2":"6-6","widget_columns_3":"4-4-4","footer_spacing":{"padding-top":"50px","padding-right":"0","padding-bottom":"0","padding-left":"0"},"footer_full_width":"","footer_bg_image":{"background-repeat":"repeat","background-size":"cover","background-attachment":"scroll","background-position":"center center","background-image":"","media":{"id":"","height":"","width":"","thumbnail":""}},"footer_align":"center","footer_bg_color":"#072f60","footer_heading_color":"#ffffff","footer_text_color":"#ffffff","footer_add_border":"","footer_border_color":"#e5e5e5","copyright_switch":"1","copyright_editor":"<p>Copyright \u00a9 2022 LMSMart by <a href=\"https:\/\/themeforest.net\/user\/pixelcurve\" rel=\"noopener noreferrer\" target=\"_blank\">Pixelcurve<\/a>. All Rights Reserved<\/p>","copyright_text_color":"#9f9f9f","copyright_bg_color":"#072f60","copyright_spacing":{"padding-top":"20","padding-bottom":"20"},"learnpress_related_posts":"1","learnpress_column_r":"3","learnpress_number_r":"3","disable_learnpress_fontawesome":"","lp_replace_primary_color":"#3bbca7","lp_replace_secondary_color":"#101C32","tutor_archive_layout":"1","tutor_tf_hover_popup_type":"show_content_popup","tutor_archive_hide_media":"","tutor_archive_hide_categories":"","tutor_archive_hide_categories_popup":"","tutor_archive_hide_price":"","tutor_archive_hide_price_popup":"","tutor_archive_hide_title":"","tutor_archive_hide_title_popup":"","tutor_archive_hide_created_by":"","tutor_archive_hide_created_by_popup":"","tutor_archive_hide_enroll_btn":"","tutor_archive_hide_lessons":"","tutor_archive_hide_lessons_popup":"","tutor_archive_hide_lessons_text":"","tutor_archive_hide_lessons_text_popup":"","tutor_archive_hide_duration":"","tutor_archive_hide_duration_popup":"","tutor_archive_hide_enroll_text":"","tutor_archive_hide_enroll_text_popup":"","tutor_archive_hide_excerpt_content":"1","tutor_archive_hide_excerpt_content_popup":"","tutor_archive_hide_preview_btn":"","tutor_pagi_align":"center","tutor_filter_price":"Types of Course","tutor_filter_cat":"Category","tutor_filter_tag":"Tag","tutor_filter_skill_level":"Skill Level","tutor_filter_clear_all_filter":"Clear All Filter","tutor_title_conditional":"","tutor_single_page_title_breadcrumbs_switch":"1","tutor_single__page_title_bg_image":{"background-color":"","background-repeat":"repeat","background-size":"cover","background-attachment":"scroll","background-position":"center center","background-image":"https:\/\/thepixelcurve.com\/wp\/lmsmart\/tutor\/wp-content\/uploads\/sites\/5\/2022\/01\/TOIP036-9-1.jpeg","media":{"id":"16129","height":"400","width":"1920","thumbnail":"https:\/\/thepixelcurve.com\/wp\/lmsmart\/tutor\/wp-content\/uploads\/sites\/5\/2022\/01\/TOIP036-9-1-150x150.jpeg"}},"tutor_single__page_title_height":{"height":"325px","units":"px"},"tutor_single__page_title_padding":{"padding-top":"40","padding-bottom":"50"},"tutor_single__page_title_margin":{"margin-bottom":"40"},"tutor_single_hide_cat":"1","tutor_single_hide_language":"0","tutor_single_sidebar_layout":"none","tutor_single_sidebar_def_width":"8","tutor_single_sidebar_def":"","tutor_single_sidebar_course_essentials_switch":"1","tutor_single_sidebar_sticky":"","tutor_single_sidebar_gap":"30","tutor_related_posts":"1","tutor_column_r":"3","tutor_number_r":"3","enable_mec_theme_color":"1","post_archive__page_title_bg_image":{"background-repeat":"repeat","background-size":"cover","background-attachment":"scroll","background-position":"center center","background-image":"","media":{"id":"","height":"","width":"","thumbnail":""}},"blog_list_sidebar_layout":"right","blog_list_sidebar_def":"sidebar_main-sidebar","blog_list_sidebar_def_width":"9","blog_list_sidebar_sticky":"1","blog_list_sidebar_gap":"30","blog_list_columns":"12","blog_list_likes":"","blog_list_views":"","blog_list_share":"","blog_list_hide_media":"","blog_list_hide_title":"","blog_list_hide_content":"","blog_post_listing_content":"","blog_list_letter_count":"85","blog_list_read_more":"","blog_list_meta":"","blog_list_meta_author":"","blog_list_meta_comments":"1","blog_list_meta_categories":"","blog_list_meta_date":"","single_type_layout":"2","blog_title_conditional":"1","blog_single__page_title_breadcrumbs_switch":"1","post_single__page_title_bg_switch":"1","post_single__page_title_bg_image":{"background-color":"","background-repeat":"repeat","background-size":"cover","background-attachment":"scroll","background-position":"center center","background-image":"","media":{"id":"","height":"","width":"","thumbnail":""}},"post_single_layout_3_bg_image":{"background-color":"#FCFCF2","background-image":"","media":{"id":"","height":"","width":"","thumbnail":""}},"single_padding_layout_3":{"padding-top":"140","padding-bottom":"140"},"single_sidebar_layout":"right","single_sidebar_def":"sidebar_main-sidebar","single_sidebar_def_width":"9","single_sidebar_sticky":"1","single_sidebar_gap":"35","featured_image_type":"default","featured_image_replace":{"url":"","id":"","height":"","width":"","thumbnail":"","title":"","caption":"","alt":"","description":""},"single_apply_animation":"","single_likes":"1","single_views":"1","single_share":"1","single_meta_tags":"1","single_author_info":"","single_meta":"","single_meta_author":"","single_meta_comments":"","single_meta_categories":"","single_meta_date":"","single_related_posts":"1","blog_title_r":"Related Posts","blog_column_r":"6","blog_number_r":"2","blog_carousel_r":"","404_page_type":"default","404_template_select":"","404_show_header":"1","404_page_title_switcher":"1","404_custom_title_switch":"","404_page_title_text":"","404_page__page_title_bg_switch":"1","404_page__page_title_bg_image":{"background-color":"","background-repeat":"repeat","background-size":"cover","background-attachment":"scroll","background-position":"center center","background-image":"","media":{"id":"","height":"","width":"","thumbnail":""}},"404_page__page_title_height":{"height":"325px","units":"px"},"404_page__page_title_padding":{"padding-top":"","padding-bottom":""},"404_page__page_title_margin":{"margin-bottom":"0"},"404_page_main_bg_image":{"background-color":"#ffffff","background-repeat":"no-repeat","background-size":"cover","background-attachment":"scroll","background-position":"right top","background-image":"","media":{"id":"","height":"","width":"","thumbnail":""}},"404_particles":"","404_show_footer":"1","side_panel_enable":"","side_panel_content_type":"pages","side_panel_spacing":{"padding-top":"40px","padding-right":"50px","padding-bottom":"40px","padding-left":"50px"},"side_panel_title_color":{"color":"#232323","alpha":"1","rgba":"rgba(35,35,35,1)"},"side_panel_text_color":{"color":"#cccccc","alpha":"1","rgba":"rgba(204,204,204,1)"},"side_panel_bg":{"color":"#ffffff","alpha":"1","rgba":"rgba(255,255,255,1)"},"side_panel_text_alignment":"left","side_panel_width":{"width":"375px","units":"px"},"side_panel_position":"right","sidebars":["Main Sidebar"],"page_sidebar_layout":"none","page_sidebar_def":"","page_sidebar_def_width":"8","page_sidebar_sticky":"","page_sidebar_gap":"30","post_shares":{"telegram":"","reddit":"","twitter":"1","whatsapp":"","facebook":"1","pinterest":"1","linkedin":"1"},"show_soc_icon_page":"","soc_icon_style":"standard","soc_icon_offset":{"margin-top":"250px","units":"px"},"soc_icon_facebook":"","soc_icon_twitter":"","soc_icon_linkedin":"","soc_icon_pinterest":"","soc_icon_tumblr":"","add_custom_share":"","share_name-1":"","share_link-1":"","share_icons-1":"","share_name-2":"","share_link-2":"","share_icons-2":"","share_name-3":"","share_link-3":"","share_icons-3":"","share_name-4":"","share_link-4":"","share_icons-4":"","share_name-5":"","share_link-5":"","share_icons-5":"","share_name-6":"","share_link-6":"","share_icons-6":"","theme-primary-color":"#3bbca7","theme-secondary-color":"#072f60","theme-tertiary-color":"#838383","body-background-color":"#ffffff","button-color-idle":"#3bbca7","button-color-hover":"#072f60","main-font":{"font-family":"Heebo","font-options":"","google":"1","font-weight":"400","font-style":"","font-size":"16px","line-height":"30px","color":"#666666","font-weight-multi":"600,700,800","font-style-multi":""},"header-font":{"font-family":"Heebo","font-options":"","google":"1","font-weight":"600","font-style":"","color":"#072f60","font-weight-multi":"700,800","font-style-multi":""},"additional-font":{"font-family":"Red Hat Display","font-options":"","google":"1","font-weight":"700","font-style":"","font-weight-multi":"700, 900","font-style-multi":""},"menu-font":{"font-family":"Heebo","font-options":"","google":"1","font-weight":"500","font-style":"","subsets":"","font-size":"14px","line-height":"30px"},"sub-menu-font":{"font-family":"Heebo","font-options":"","google":"1","font-weight":"500","font-style":"","subsets":"","font-size":"16px","line-height":"30px"},"header-h1":{"font-family":"Heebo","font-options":"","google":"1","font-weight":"600","font-style":"","subsets":"","text-transform":"none","font-size":"40px","line-height":"50px","letter-spacing":""},"header-h2":{"font-family":"Heebo","font-options":"","google":"1","font-weight":"600","font-style":"","subsets":"","text-transform":"none","font-size":"36px","line-height":"46px","letter-spacing":""},"header-h3":{"font-family":"Heebo","font-options":"","google":"1","font-weight":"600","font-style":"","subsets":"","text-transform":"none","font-size":"30px","line-height":"40px","letter-spacing":""},"header-h4":{"font-family":"Heebo","font-options":"","google":"1","font-weight":"600","font-style":"","subsets":"","text-transform":"none","font-size":"24px","line-height":"36px","letter-spacing":""},"header-h5":{"font-family":"Heebo","font-options":"","google":"1","font-weight":"600","font-style":"","subsets":"","text-transform":"none","font-size":"20px","line-height":"32px","letter-spacing":""},"header-h6":{"font-family":"Heebo","font-options":"","google":"1","font-weight":"500","font-style":"","subsets":"","text-transform":"none","font-size":"18px","line-height":"30px","letter-spacing":""},"shop_catalog__page_title_bg_image":{"background-repeat":"repeat","background-size":"cover","background-attachment":"scroll","background-position":"center center","background-image":"","media":{"id":"","height":"","width":"","thumbnail":""}},"shop_catalog_sidebar_layout":"left","shop_catalog_sidebar_def":"shop_products","shop_catalog_sidebar_def_width":"9","shop_catalog_sidebar_sticky":"1","shop_catalog_sidebar_gap":"30","shop_column":"3","shop_products_per_page":"9","use_animation_shop":"1","shop_catalog_animation_style":"slide-left","shop_title_conditional":"1","shop_single_title_align":"center","shop_single_breadcrumbs_block_switch":"1","shop_single_breadcrumbs_align":"center","shop_single__page_title_bg_switch":"1","shop_single__page_title_bg_image":{"background-color":"","background-repeat":"repeat","background-size":"cover","background-attachment":"scroll","background-position":"center center","background-image":"","media":{"id":"","height":"","width":"","thumbnail":""}},"shop_single__page_title_padding":{"padding-top":"","padding-bottom":""},"shop_single__page_title_margin":{"margin-bottom":"47"},"shop_single_sidebar_layout":"none","shop_single_sidebar_def":"","shop_single_sidebar_def_width":"8","shop_single_sidebar_sticky":"","shop_single_sidebar_gap":"30","shop_related_columns":"4","shop_r_products_per_page":"4","shop_cart__page_title_bg_image":{"background-repeat":"repeat","background-size":"cover","background-attachment":"scroll","background-position":"center center","background-image":"","media":{"id":"","height":"","width":"","thumbnail":""}},"shop_checkout__page_title_bg_image":{"background-repeat":"repeat","background-size":"cover","background-attachment":"scroll","background-position":"center center","background-image":"","media":{"id":"","height":"","width":"","thumbnail":""}},"disable_wp_gutenberg":"","disable_elementor_googlefonts":"","disable_elementor_fontawesome":"","blog_list_meta_categories_no_media":true,"redux-backup":"1"}